,Calendar
0,Ne 16.5.   Maximální kapacita     Po 17.5.   Volná kapacita 53 z 67     Út 18.5.   Volná kapacita 61 z 67     St 19.5.   Volná kapacita 67 z 67     Čt 20.5.   Volná kapacita 67 z 67     Pá 21.5.   Volná kapacita 66 z 67     So 22.5.   Volná kapacita 72 z 72
1,Ne 16.5.   Maximální kapacita     Po 17.5.   Volná kapacita 56 z 56     Út 18.5.   Volná kapacita 58 z 58     St 19.5.   Volná kapacita 58 z 58     Čt 20.5.   Volná kapacita 58 z 58     Pá 21.5.   Volná kapacita 58 z 58     So 22.5.   Volná kapacita 59 z 59
2,Ne 16.5.   Maximální kapacita     Po 17.5.   Volná kapacita 97 z 129     Út 18.5.   Volná kapacita 115 z 129     St 19.5.   Volná kapacita 121 z 129     Čt 20.5.   Volná kapacita 125 z 129     Pá 21.5.   Volná kapacita 124 z 129     So 22.5.   Volná kapacita 121 z 122
3,Ne 16.5.   Maximální kapacita     Po 17.5.   Volná kapacita 64 z 94     Út 18.5.   Volná kapacita 89 z 92     St 19.5.   Volná kapacita 86 z 92     Čt 20.5.   Volná kapacita 82 z 92     Pá 21.5.   Volná kapacita 90 z 92     So 22.5.   Volná kapacita 89 z 91
4,Ne 16.5.   Žádná data     Po 17.5.   Žádná data     Út 18.5.   Žádná data     St 19.5.   Žádná data     Čt 20.5.   Žádná data     Pá 21.5.   Žádná data     So 22.5.   Žádná data
5,Ne 16.5.   Zavřeno     Po 17.5.   Žádná data     Út 18.5.   Volná kapacita25 z 192     St 19.5.   Volná kapacita22 z 192     Čt 20.5.   Volná kapacita20 z 192     Pá 21.5.   Volná kapacita30 z 192     So 22.5.   Zavřeno
6,Ne 16.5.   Zavřeno     Po 17.5.   Zavřeno     Út 18.5.   Volná kapacita 56 z 60     St 19.5.   Zavřeno     Čt 20.5.   Volná kapacita 59 z 60     Pá 21.5.   Zavřeno     So 22.5.   Zavřeno
7,Ne 16.5.   Zavřeno     Po 17.5.   Zavřeno     Út 18.5.   Zavřeno     St 19.5.   Volná kapacita 76 z 80     Čt 20.5.   Zavřeno     Pá 21.5.   Zavřeno     So 22.5.   Zavřeno
8,Ne 16.5.   Žádná data     Po 17.5.   Žádná data     Út 18.5.   Žádná data     St 19.5.   Žádná data     Čt 20.5.   Žádná data     Pá 21.5.   Žádná data     So 22.5.   Žádná data
9,Ne 16.5.   Žádná data     Po 17.5.   Žádná data     Út 18.5.   Žádná data     St 19.5.   Žádná data     Čt 20.5.   Žádná data     Pá 21.5.   Žádná data     So 22.5.   Žádná data
10,Ne 16.5.   Žádná data     Po 17.5.   Žádná data     Út 18.5.   Žádná data     St 19.5.   Žádná data     Čt 20.5.   Žádná data     Pá 21.5.   Žádná data     So 22.5.   Žádná data
11,Ne 16.5.   Žádná data     Po 17.5.   Žádná data     Út 18.5.   Žádná data     St 19.5.   Žádná data     Čt 20.5.   Žádná data     Pá 21.5.   Žádná data     So 22.5.   Žádná data
12,Ne 16.5.   Žádná data     Po 17.5.   Žádná data     Út 18.5.   Žádná data     St 19.5.   Žádná data     Čt 20.5.   Žádná data     Pá 21.5.   Žádná data     So 22.5.   Žádná data
13,Ne 16.5.   Zavřeno     Po 17.5.   Žádná data     Út 18.5.   Žádná data     St 19.5.   Žádná data     Čt 20.5.   Žádná data     Pá 21.5.   Žádná data     So 22.5.   Žádná data
14,Ne 16.5.   Zavřeno     Po 17.5.   Žádná data     Út 18.5.   Žádná data     St 19.5.   Žádná data     Čt 20.5.   Žádná data     Pá 21.5.   Žádná data     So 22.5.   Zavřeno
15,Ne 16.5.   Zavřeno     Po 17.5.   Volná kapacita 47 z 49     Út 18.5.   Volná kapacita 47 z 50     St 19.5.   Volná kapacita 44 z 48     Čt 20.5.   Volná kapacita 43 z 48     Pá 21.5.   Volná kapacita 44 z 49     So 22.5.   Zavřeno
16,Ne 16.5.   Volná kapacita 32 z 46     Po 17.5.   Volná kapacita 42 z 45     Út 18.5.   Volná kapacita 43 z 46     St 19.5.   Volná kapacita 41 z 46     Čt 20.5.   Volná kapacita 45 z 45     Pá 21.5.   Volná kapacita 44 z 45     So 22.5.   Volná kapacita 44 z 46
17,Ne 16.5.   Zavřeno     Po 17.5.   Volná kapacita 28 z 31     Út 18.5.   Volná kapacita 20 z 30     St 19.5.   Volná kapacita 25 z 30     Čt 20.5.   Volná kapacita 27 z 30     Pá 21.5.   Volná kapacita 29 z 30     So 22.5.   Zavřeno
18,Ne 16.5.   Volná kapacita297 z 758     Po 17.5.   Volná kapacita350 z 758     Út 18.5.   Volná kapacita375 z 910     St 19.5.   Volná kapacita375 z 758     Čt 20.5.   Volná kapacita 382 z 758     Pá 21.5.   Volná kapacita 387 z 758     So 22.5.   Volná kapacita 391 z 758
19,Ne 16.5.   Žádná data     Po 17.5.   Žádná data     Út 18.5.   Žádná data     St 19.5.   Žádná data     Čt 20.5.   Žádná data     Pá 21.5.   Žádná data     So 22.5.   Žádná data
20,Ne 16.5.   Maximální kapacita     Po 17.5.   Maximální kapacita     Út 18.5.   Volná kapacita 96 z 96     St 19.5.   Maximální kapacita     Čt 20.5.   Maximální kapacita     Pá 21.5.   Maximální kapacita     So 22.5.   Maximální kapacita
21,Ne 16.5.   Zavřeno     Po 17.5.   Žádná data     Út 18.5.   Žádná data     St 19.5.   Žádná data     Čt 20.5.   Žádná data     Pá 21.5.   Žádná data     So 22.5.   Zavřeno
22,Ne 16.5.   Zavřeno     Po 17.5.   Žádná data     Út 18.5.   Žádná data     St 19.5.   Žádná data     Čt 20.5.   Žádná data     Pá 21.5.   Žádná data     So 22.5.   Zavřeno
23,Ne 16.5.   Zavřeno     Po 17.5.   Volná kapacita 76 z 102     Út 18.5.   Volná kapacita 93 z 102     St 19.5.   Volná kapacita 89 z 102     Čt 20.5.   Volná kapacita 96 z 102     Pá 21.5.   Volná kapacita 89 z 102     So 22.5.   Zavřeno
24,Ne 16.5.   Zavřeno     Po 17.5.   Žádná data     Út 18.5.   Žádná data     St 19.5.   Žádná data     Čt 20.5.   Žádná data     Pá 21.5.   Žádná data     So 22.5.   Zavřeno
25,Ne 16.5.   Zavřeno     Po 17.5.   Volná kapacita 117 z 200     Út 18.5.   Volná kapacita 166 z 200     St 19.5.   Volná kapacita 159 z 200     Čt 20.5.   Volná kapacita 178 z 200     Pá 21.5.   Volná kapacita 171 z 200     So 22.5.   Volná kapacita 83 z 96
26,Ne 16.5.   Zavřeno     Po 17.5.   Žádná data     Út 18.5.   Žádná data     St 19.5.   Žádná data     Čt 20.5.   Žádná data     Pá 21.5.   Žádná data     So 22.5.   Zavřeno
27,Ne 16.5.   Žádná data     Po 17.5.   Žádná data     Út 18.5.   Žádná data     St 19.5.   Žádná data     Čt 20.5.   Žádná data     Pá 21.5.   Žádná data     So 22.5.   Žádná data
28,Ne 16.5.   Zavřeno     Po 17.5.   Žádná data     Út 18.5.   Žádná data     St 19.5.   Žádná data     Čt 20.5.   Žádná data     Pá 21.5.   Žádná data     So 22.5.   Zavřeno
29,Ne 16.5.   Žádná data     Po 17.5.   Žádná data     Út 18.5.   Žádná data     St 19.5.   Žádná data     Čt 20.5.   Žádná data     Pá 21.5.   Žádná data     So 22.5.   Žádná data
30,Ne 16.5.   Žádná data     Po 17.5.   Žádná data     Út 18.5.   Žádná data     St 19.5.   Žádná data     Čt 20.5.   Žádná data     Pá 21.5.   Žádná data     So 22.5.   Žádná data
31,Ne 16.5.   Žádná data     Po 17.5.   Žádná data     Út 18.5.   Žádná data     St 19.5.   Žádná data     Čt 20.5.   Žádná data     Pá 21.5.   Žádná data     So 22.5.   Žádná data
32,Ne 16.5.   Žádná data     Po 17.5.   Žádná data     Út 18.5.   Žádná data     St 19.5.   Žádná data     Čt 20.5.   Žádná data     Pá 21.5.   Žádná data     So 22.5.   Žádná data
33,Ne 16.5.   Žádná data     Po 17.5.   Žádná data     Út 18.5.   Žádná data     St 19.5.   Žádná data     Čt 20.5.   Žádná data     Pá 21.5.   Žádná data     So 22.5.   Žádná data
34,Ne 16.5.   Žádná data     Po 17.5.   Žádná data     Út 18.5.   Žádná data     St 19.5.   Žádná data     Čt 20.5.   Žádná data     Pá 21.5.   Žádná data     So 22.5.   Žádná data
35,Ne 16.5.   Žádná data     Po 17.5.   Žádná data     Út 18.5.   Žádná data     St 19.5.   Žádná data     Čt 20.5.   Žádná data     Pá 21.5.   Žádná data     So 22.5.   Žádná data
36,Ne 16.5.   Zavřeno     Po 17.5.   Žádná data     Út 18.5.   Žádná data     St 19.5.   Žádná data     Čt 20.5.   Žádná data     Pá 21.5.   Žádná data     So 22.5.   Zavřeno
37,Ne 16.5.   Zavřeno     Po 17.5.   Volná kapacita 204 z 220     Út 18.5.   Volná kapacita 215 z 220     St 19.5.   Volná kapacita 217 z 220     Čt 20.5.   Volná kapacita 216 z 220     Pá 21.5.   Volná kapacita 189 z 190     So 22.5.   Volná kapacita 108 z 110
38,Ne 16.5.   Volná kapacita 78 z 80     Po 17.5.   Volná kapacita 215 z 220     Út 18.5.   Volná kapacita 220 z 220     St 19.5.   Volná kapacita 220 z 220     Čt 20.5.   Volná kapacita 220 z 220     Pá 21.5.   Volná kapacita 200 z 200     So 22.5.   Volná kapacita 80 z 80
39,Ne 16.5.   Volná kapacita 314 z 320     Po 17.5.   Volná kapacita 430 z 440     Út 18.5.   Volná kapacita 457 z 460     St 19.5.   Volná kapacita 457 z 460     Čt 20.5.   Volná kapacita 456 z 460     Pá 21.5.   Volná kapacita 379 z 380     So 22.5.   Volná kapacita 199 z 200
40,Ne 16.5.   Volná kapacita 168 z 180     Po 17.5.   Volná kapacita 232 z 240     Út 18.5.   Volná kapacita 237 z 240     St 19.5.   Volná kapacita 237 z 240     Čt 20.5.   Volná kapacita 234 z 240     Pá 21.5.   Volná kapacita 240 z 240     So 22.5.   Volná kapacita 160 z 160
41,Ne 16.5.   Zavřeno     Po 17.5.   Žádná data     Út 18.5.   Žádná data     St 19.5.   Žádná data     Čt 20.5.   Žádná data     Pá 21.5.   Žádná data     So 22.5.   Žádná data
42,Ne 16.5.   Zavřeno     Po 17.5.   Žádná data     Út 18.5.   Žádná data     St 19.5.   Žádná data     Čt 20.5.   Žádná data     Pá 21.5.   Žádná data     So 22.5.   Zavřeno
43,Ne 16.5.   Zavřeno     Po 17.5.   Žádná data     Út 18.5.   Žádná data     St 19.5.   Žádná data     Čt 20.5.   Žádná data     Pá 21.5.   Žádná data     So 22.5.   Žádná data
44,Ne 16.5.   Žádná data     Po 17.5.   Žádná data     Út 18.5.   Žádná data     St 19.5.   Žádná data     Čt 20.5.   Žádná data     Pá 21.5.   Žádná data     So 22.5.   Žádná data
45,Ne 16.5.   Žádná data     Po 17.5.   Žádná data     Út 18.5.   Žádná data     St 19.5.   Žádná data     Čt 20.5.   Žádná data     Pá 21.5.   Žádná data     So 22.5.   Žádná data
46,Ne 16.5.   Zavřeno     Po 17.5.   Maximální kapacita     Út 18.5.   Maximální kapacita     St 19.5.   Maximální kapacita     Čt 20.5.   Maximální kapacita     Pá 21.5.   Maximální kapacita     So 22.5.   Zavřeno
47,Ne 16.5.   Volná kapacita 46 z 48     Po 17.5.   Volná kapacita 91 z 95     Út 18.5.   Volná kapacita 91 z 95     St 19.5.   Volná kapacita 90 z 95     Čt 20.5.   Volná kapacita 93 z 95     Pá 21.5.   Volná kapacita 93 z 95     So 22.5.   Volná kapacita 46 z 48
48,Ne 16.5.   Zavřeno     Po 17.5.   Žádná data     Út 18.5.   Zavřeno     St 19.5.   Žádná data     Čt 20.5.   Zavřeno     Pá 21.5.   Žádná data     So 22.5.   Zavřeno
49,Ne 16.5.   Zavřeno     Po 17.5.   Žádná data     Út 18.5.   Žádná data     St 19.5.   Žádná data     Čt 20.5.   Žádná data     Pá 21.5.   Žádná data     So 22.5.   Zavřeno
50,Ne 16.5.   Zavřeno     Po 17.5.   Žádná data     Út 18.5.   Žádná data     St 19.5.   Žádná data     Čt 20.5.   Žádná data     Pá 21.5.   Zavřeno     So 22.5.   Zavřeno
51,Ne 16.5.   Zavřeno     Po 17.5.   Žádná data     Út 18.5.   Žádná data     St 19.5.   Zavřeno     Čt 20.5.   Žádná data     Pá 21.5.   Zavřeno     So 22.5.   Zavřeno
52,Ne 16.5.   Žádná data     Po 17.5.   Žádná data     Út 18.5.   Žádná data     St 19.5.   Žádná data     Čt 20.5.   Žádná data     Pá 21.5.   Žádná data     So 22.5.   Žádná data
53,Ne 16.5.   Maximální kapacita     Po 17.5.   Maximální kapacita     Út 18.5.   Maximální kapacita     St 19.5.   Maximální kapacita     Čt 20.5.   Maximální kapacita     Pá 21.5.   Maximální kapacita     So 22.5.   Maximální kapacita
54,Ne 16.5.   Maximální kapacita     Po 17.5.   Volná kapacita 301 z 555     Út 18.5.   Volná kapacita 474 z 555     St 19.5.   Volná kapacita 493 z 555     Čt 20.5.   Volná kapacita 497 z 555     Pá 21.5.   Volná kapacita 521 z 555     So 22.5.   Volná kapacita 539 z 555
55,Ne 16.5.   Maximální kapacita     Po 17.5.   Volná kapacita 402 z 555     Út 18.5.   Volná kapacita 505 z 555     St 19.5.   Volná kapacita 530 z 555     Čt 20.5.   Volná kapacita 532 z 555     Pá 21.5.   Volná kapacita 527 z 555     So 22.5.   Volná kapacita 549 z 555
56,Ne 16.5.   Maximální kapacita     Po 17.5.   Volná kapacita 311 z 555     Út 18.5.   Volná kapacita 456 z 555     St 19.5.   Volná kapacita 496 z 555     Čt 20.5.   Volná kapacita 511 z 555     Pá 21.5.   Volná kapacita 517 z 555     So 22.5.   Volná kapacita 552 z 555
57,Ne 16.5.   Maximální kapacita     Po 17.5.   Volná kapacita 393 z 555     Út 18.5.   Volná kapacita 525 z 555     St 19.5.   Volná kapacita 540 z 555     Čt 20.5.   Volná kapacita 539 z 555     Pá 21.5.   Volná kapacita 551 z 555     So 22.5.   Volná kapacita 555 z 555
58,Ne 16.5.   Maximální kapacita     Po 17.5.   Volná kapacita 486 z 555     Út 18.5.   Volná kapacita 548 z 555     St 19.5.   Volná kapacita 547 z 555     Čt 20.5.   Volná kapacita 544 z 555     Pá 21.5.   Volná kapacita 551 z 555     So 22.5.   Volná kapacita 553 z 555
59,Ne 16.5.   Maximální kapacita     Po 17.5.   Volná kapacita 459 z 555     Út 18.5.   Volná kapacita 524 z 555     St 19.5.   Volná kapacita 542 z 555     Čt 20.5.   Volná kapacita 545 z 555     Pá 21.5.   Volná kapacita 543 z 555     So 22.5.   Volná kapacita 552 z 555
60,Ne 16.5.   Maximální kapacita     Po 17.5.   Volná kapacita255 z 555     Út 18.5.   Volná kapacita 450 z 555     St 19.5.   Volná kapacita 482 z 555     Čt 20.5.   Volná kapacita 508 z 555     Pá 21.5.   Volná kapacita 533 z 555     So 22.5.   Volná kapacita 540 z 555
61,Ne 16.5.   Maximální kapacita     Po 17.5.   Volná kapacita 409 z 555     Út 18.5.   Volná kapacita 506 z 555     St 19.5.   Volná kapacita 521 z 555     Čt 20.5.   Volná kapacita 529 z 555     Pá 21.5.   Volná kapacita 540 z 555     So 22.5.   Volná kapacita 553 z 555
62,Ne 16.5.   Zavřeno     Po 17.5.   Žádná data     Út 18.5.   Žádná data     St 19.5.   Žádná data     Čt 20.5.   Žádná data     Pá 21.5.   Žádná data     So 22.5.   Zavřeno
63,Ne 16.5.   Zavřeno     Po 17.5.   Maximální kapacita     Út 18.5.   Maximální kapacita     St 19.5.   Maximální kapacita     Čt 20.5.   Maximální kapacita     Pá 21.5.   Maximální kapacita     So 22.5.   Zavřeno
64,Ne 16.5.   Zavřeno     Po 17.5.   Volná kapacita96 z 204     Út 18.5.   Volná kapacita97 z 204     St 19.5.   Volná kapacita 108 z 204     Čt 20.5.   Volná kapacita 118 z 204     Pá 21.5.   Volná kapacita 154 z 204     So 22.5.   Zavřeno
65,Ne 16.5.   Žádná data     Po 17.5.   Žádná data     Út 18.5.   Žádná data     St 19.5.   Žádná data     Čt 20.5.   Žádná data     Pá 21.5.   Žádná data     So 22.5.   Žádná data
66,Ne 16.5.   Zavřeno     Po 17.5.   Žádná data     Út 18.5.   Žádná data     St 19.5.   Žádná data     Čt 20.5.   Žádná data     Pá 21.5.   Žádná data     So 22.5.   Zavřeno
67,Ne 16.5.   Zavřeno     Po 17.5.   Žádná data     Út 18.5.   Žádná data     St 19.5.   Žádná data     Čt 20.5.   Žádná data     Pá 21.5.   Žádná data     So 22.5.   Zavřeno
68,Ne 16.5.   Volná kapacita 26 z 29     Po 17.5.   Volná kapacita 58 z 60     Út 18.5.   Volná kapacita 58 z 60     St 19.5.   Volná kapacita 58 z 60     Čt 20.5.   Volná kapacita 60 z 60     Pá 21.5.   Volná kapacita 60 z 60     So 22.5.   Volná kapacita 60 z 60
69,Ne 16.5.   Volná kapacita 27 z 29     Po 17.5.   Volná kapacita 53 z 57     Út 18.5.   Volná kapacita 57 z 59     St 19.5.   Volná kapacita 60 z 60     Čt 20.5.   Volná kapacita 57 z 59     Pá 21.5.   Volná kapacita 60 z 60     So 22.5.   Volná kapacita 60 z 60
70,Ne 16.5.   Volná kapacita 23 z 33     Po 17.5.   Volná kapacita 56 z 61     Út 18.5.   Volná kapacita 56 z 60     St 19.5.   Volná kapacita 55 z 60     Čt 20.5.   Volná kapacita 58 z 60     Pá 21.5.   Volná kapacita 57 z 60     So 22.5.   Volná kapacita 57 z 60
71,Ne 16.5.   Volná kapacita 12 z 17     Po 17.5.   Volná kapacita 45 z 49     Út 18.5.   Volná kapacita 46 z 48     St 19.5.   Volná kapacita 47 z 48     Čt 20.5.   Volná kapacita 47 z 48     Pá 21.5.   Volná kapacita 45 z 49     So 22.5.   Volná kapacita 48 z 48
72,Ne 16.5.   Zavřeno     Po 17.5.   Žádná data     Út 18.5.   Žádná data     St 19.5.   Žádná data     Čt 20.5.   Žádná data     Pá 21.5.   Žádná data     So 22.5.   Zavřeno
73,Ne 16.5.   Zavřeno     Po 17.5.   Žádná data     Út 18.5.   Žádná data     St 19.5.   Žádná data     Čt 20.5.   Žádná data     Pá 21.5.   Žádná data     So 22.5.   Žádná data
74,Ne 16.5.   Zavřeno     Po 17.5.   Volná kapacita 137 z 160     Út 18.5.   Volná kapacita 155 z 160     St 19.5.   Volná kapacita 148 z 160     Čt 20.5.   Volná kapacita 144 z 160     Pá 21.5.   Volná kapacita 152 z 160     So 22.5.   Volná kapacita 68 z 80
75,Ne 16.5.   Zavřeno     Po 17.5.   Volná kapacita 49 z 60     Út 18.5.   Volná kapacita 58 z 60     St 19.5.   Volná kapacita 57 z 60     Čt 20.5.   Volná kapacita 60 z 60     Pá 21.5.   Volná kapacita 58 z 60     So 22.5.   Zavřeno
76,Ne 16.5.   Zavřeno     Po 17.5.   Volná kapacita 140 z 160     Út 18.5.   Volná kapacita 147 z 160     St 19.5.   Volná kapacita 151 z 160     Čt 20.5.   Volná kapacita 152 z 160     Pá 21.5.   Volná kapacita 152 z 160     So 22.5.   Volná kapacita 74 z 80
77,Ne 16.5.   Zavřeno     Po 17.5.   Žádná data     Út 18.5.   Žádná data     St 19.5.   Žádná data     Čt 20.5.   Žádná data     Pá 21.5.   Žádná data     So 22.5.   Žádná data
78,Ne 16.5.   Zavřeno     Po 17.5.   Volná kapacita 168 z 200     Út 18.5.   Volná kapacita 187 z 200     St 19.5.   Volná kapacita 177 z 200     Čt 20.5.   Volná kapacita 181 z 200     Pá 21.5.   Volná kapacita 189 z 200     So 22.5.   Volná kapacita 72 z 80
79,Ne 16.5.   Zavřeno     Po 17.5.   Žádná data     Út 18.5.   Žádná data     St 19.5.   Žádná data     Čt 20.5.   Žádná data     Pá 21.5.   Žádná data     So 22.5.   Zavřeno
80,Ne 16.5.   Volná kapacita 48 z 51     Po 17.5.   Volná kapacita 190 z 192     Út 18.5.   Volná kapacita 187 z 192     St 19.5.   Volná kapacita 189 z 192     Čt 20.5.   Volná kapacita 192 z 192     Pá 21.5.   Volná kapacita 190 z 192     So 22.5.   Volná kapacita 192 z 192
81,Ne 16.5.   Volná kapacita 812 z 814     Po 17.5.   Volná kapacita 813 z 814     Út 18.5.   Volná kapacita 813 z 814     St 19.5.   Volná kapacita 811 z 814     Čt 20.5.   Volná kapacita 811 z 814     Pá 21.5.   Volná kapacita 812 z 814     So 22.5.   Volná kapacita 814 z 814
82,Ne 16.5.   Zavřeno     Po 17.5.   Žádná data     Út 18.5.   Žádná data     St 19.5.   Žádná data     Čt 20.5.   Žádná data     Pá 21.5.   Žádná data     So 22.5.   Žádná data
83,Ne 16.5.   Žádná data     Po 17.5.   Žádná data     Út 18.5.   Žádná data     St 19.5.   Žádná data     Čt 20.5.   Žádná data     Pá 21.5.   Žádná data     So 22.5.   Žádná data
84,Ne 16.5.   Žádná data     Po 17.5.   Žádná data     Út 18.5.   Žádná data     St 19.5.   Žádná data     Čt 20.5.   Žádná data     Pá 21.5.   Žádná data     So 22.5.   Žádná data
85,Ne 16.5.   Žádná data     Po 17.5.   Žádná data     Út 18.5.   Žádná data     St 19.5.   Žádná data     Čt 20.5.   Žádná data     Pá 21.5.   Žádná data     So 22.5.   Žádná data
86,Ne 16.5.   Zavřeno     Po 17.5.   Volná kapacita11 z 46     Út 18.5.   Volná kapacita 23 z 46     St 19.5.   Volná kapacita21 z 46     Čt 20.5.   Volná kapacita 24 z 35     Pá 21.5.   Zavřeno     So 22.5.   Zavřeno
87,Ne 16.5.   Zavřeno     Po 17.5.   Volná kapacita20 z 48     Út 18.5.   Volná kapacita 24 z 48     St 19.5.   Volná kapacita20 z 48     Čt 20.5.   Zavřeno     Pá 21.5.   Volná kapacita 23 z 36     So 22.5.   Zavřeno
88,Ne 16.5.   Volná kapacita15 z 48     Po 17.5.   Volná kapacita 19 z 30     Út 18.5.   Zavřeno     St 19.5.   Volná kapacita 25 z 30     Čt 20.5.   Zavřeno     Pá 21.5.   Zavřeno     So 22.5.   Volná kapacita16 z 47
89,Ne 16.5.   Zavřeno     Po 17.5.   Žádná data     Út 18.5.   Žádná data     St 19.5.   Žádná data     Čt 20.5.   Žádná data     Pá 21.5.   Žádná data     So 22.5.   Žádná data
90,Ne 16.5.   Zavřeno     Po 17.5.   Žádná data     Út 18.5.   Žádná data     St 19.5.   Žádná data     Čt 20.5.   Žádná data     Pá 21.5.   Žádná data     So 22.5.   Zavřeno
91,Ne 16.5.   Maximální kapacita     Po 17.5.   Maximální kapacita     Út 18.5.   Volná kapacita 27 z 30     St 19.5.   Volná kapacita 110 z 120     Čt 20.5.   Volná kapacita 113 z 124     Pá 21.5.   Volná kapacita 116 z 122     So 22.5.   Maximální kapacita
92,Ne 16.5.   Zavřeno     Po 17.5.   Volná kapacita 30 z 30     Út 18.5.   Volná kapacita 30 z 30     St 19.5.   Volná kapacita 30 z 30     Čt 20.5.   Volná kapacita 30 z 30     Pá 21.5.   Volná kapacita 30 z 30     So 22.5.   Zavřeno
93,Ne 16.5.   Maximální kapacita     Po 17.5.   Volná kapacita 189 z 216     Út 18.5.   Volná kapacita 200 z 216     St 19.5.   Volná kapacita 211 z 216     Čt 20.5.   Volná kapacita 205 z 216     Pá 21.5.   Volná kapacita 204 z 216     So 22.5.   Volná kapacita 158 z 168
94,Ne 16.5.   Zavřeno     Po 17.5.   Žádná data     Út 18.5.   Žádná data     St 19.5.   Žádná data     Čt 20.5.   Žádná data     Pá 21.5.   Žádná data     So 22.5.   Zavřeno
95,Ne 16.5.   Maximální kapacita     Po 17.5.   Volná kapacita 80 z 117     Út 18.5.   Volná kapacita 99 z 117     St 19.5.   Volná kapacita 90 z 117     Čt 20.5.   Volná kapacita 97 z 117     Pá 21.5.   Volná kapacita 100 z 117     So 22.5.   Volná kapacita 46 z 46
96,Ne 16.5.   Zavřeno     Po 17.5.   Volná kapacita 57 z 80     Út 18.5.   Volná kapacita 69 z 80     St 19.5.   Volná kapacita31 z 80     Čt 20.5.   Volná kapacita 58 z 80     Pá 21.5.   Volná kapacita32 z 80     So 22.5.   Zavřeno
97,Ne 16.5.   Zavřeno     Po 17.5.   Volná kapacita 45 z 75     Út 18.5.   Volná kapacita 62 z 66     St 19.5.   Volná kapacita 61 z 66     Čt 20.5.   Volná kapacita 59 z 68     Pá 21.5.   Volná kapacita 47 z 54     So 22.5.   Zavřeno
98,Ne 16.5.   Žádná data     Po 17.5.   Žádná data     Út 18.5.   Žádná data     St 19.5.   Žádná data     Čt 20.5.   Žádná data     Pá 21.5.   Žádná data     So 22.5.   Žádná data
99,Ne 16.5.   Zavřeno     Po 17.5.   Žádná data     Út 18.5.   Žádná data     St 19.5.   Žádná data     Čt 20.5.   Žádná data     Pá 21.5.   Žádná data     So 22.5.   Zavřeno
100,Ne 16.5.   Zavřeno     Po 17.5.   Žádná data     Út 18.5.   Žádná data     St 19.5.   Žádná data     Čt 20.5.   Žádná data     Pá 21.5.   Žádná data     So 22.5.   Zavřeno
101,Ne 16.5.   Žádná data     Po 17.5.   Žádná data     Út 18.5.   Žádná data     St 19.5.   Žádná data     Čt 20.5.   Žádná data     Pá 21.5.   Žádná data     So 22.5.   Žádná data
102,Ne 16.5.   Zavřeno     Po 17.5.   Maximální kapacita     Út 18.5.   Volná kapacita 22 z 42     St 19.5.   Volná kapacita 41 z 42     Čt 20.5.   Volná kapacita 35 z 42     Pá 21.5.   Volná kapacita 39 z 42     So 22.5.   Maximální kapacita
103,Ne 16.5.   Maximální kapacita     Po 17.5.   Volná kapacita 13 z 13     Út 18.5.   Volná kapacita 77 z 77     St 19.5.   Volná kapacita 95 z 95     Čt 20.5.   Volná kapacita 115 z 115     Pá 21.5.   Volná kapacita 104 z 104     So 22.5.   Maximální kapacita
104,Ne 16.5.   Zavřeno     Po 17.5.   Maximální kapacita     Út 18.5.   Maximální kapacita     St 19.5.   Volná kapacita 82 z 100     Čt 20.5.   Volná kapacita 99 z 100     Pá 21.5.   Volná kapacita 100 z 100     So 22.5.   Zavřeno
105,Ne 16.5.   Zavřeno     Po 17.5.   Žádná data     Út 18.5.   Žádná data     St 19.5.   Žádná data     Čt 20.5.   Žádná data     Pá 21.5.   Žádná data     So 22.5.   Zavřeno
106,Ne 16.5.   Zavřeno     Po 17.5.   Žádná data     Út 18.5.   Žádná data     St 19.5.   Žádná data     Čt 20.5.   Žádná data     Pá 21.5.   Žádná data     So 22.5.   Zavřeno
107,Ne 16.5.   Zavřeno     Po 17.5.   Volná kapacita1 z 45     Út 18.5.   Volná kapacita 35 z 45     St 19.5.   Volná kapacita 40 z 45     Čt 20.5.   Volná kapacita 42 z 45     Pá 21.5.   Volná kapacita 42 z 45     So 22.5.   Zavřeno
108,Ne 16.5.   Zavřeno     Po 17.5.   Volná kapacita 73 z 120     Út 18.5.   Volná kapacita 106 z 120     St 19.5.   Volná kapacita 113 z 120     Čt 20.5.   Volná kapacita 111 z 120     Pá 21.5.   Volná kapacita 112 z 120     So 22.5.   Zavřeno
109,Ne 16.5.   Žádná data     Po 17.5.   Žádná data     Út 18.5.   Žádná data     St 19.5.   Žádná data     Čt 20.5.   Žádná data     Pá 21.5.   Žádná data     So 22.5.   Žádná data
110,Ne 16.5.   Zavřeno     Po 17.5.   Žádná data     Út 18.5.   Žádná data     St 19.5.   Žádná data     Čt 20.5.   Žádná data     Pá 21.5.   Zavřeno     So 22.5.   Zavřeno
111,Ne 16.5.   Zavřeno     Po 17.5.   Volná kapacita 72 z 72     Út 18.5.   Volná kapacita 72 z 72     St 19.5.   Maximální kapacita     Čt 20.5.   Volná kapacita 72 z 72     Pá 21.5.   Maximální kapacita     So 22.5.   Zavřeno
112,Ne 16.5.   Zavřeno     Po 17.5.   Volná kapacita 27 z 45     Út 18.5.   Volná kapacita 35 z 45     St 19.5.   Volná kapacita 32 z 45     Čt 20.5.   Volná kapacita 40 z 45     Pá 21.5.   Volná kapacita 31 z 45     So 22.5.   Zavřeno
113,Ne 16.5.   Zavřeno     Po 17.5.   Volná kapacita9 z 23     Út 18.5.   Volná kapacita10 z 23     St 19.5.   Maximální kapacita     Čt 20.5.   Volná kapacita 20 z 23     Pá 21.5.   Volná kapacita 17 z 23     So 22.5.   Zavřeno
114,Ne 16.5.   Zavřeno     Po 17.5.   Volná kapacita 25 z 30     Út 18.5.   Volná kapacita 5 z 6     St 19.5.   Volná kapacita 23 z 30     Čt 20.5.   Volná kapacita 11 z 12     Pá 21.5.   Volná kapacita 19 z 21     So 22.5.   Zavřeno
115,Ne 16.5.   Zavřeno     Po 17.5.   Žádná data     Út 18.5.   Žádná data     St 19.5.   Žádná data     Čt 20.5.   Žádná data     Pá 21.5.   Žádná data     So 22.5.   Zavřeno
116,Ne 16.5.   Žádná data     Po 17.5.   Žádná data     Út 18.5.   Žádná data     St 19.5.   Žádná data     Čt 20.5.   Žádná data     Pá 21.5.   Žádná data     So 22.5.   Žádná data
117,Ne 16.5.   Zavřeno     Po 17.5.   Žádná data     Út 18.5.   Žádná data     St 19.5.   Žádná data     Čt 20.5.   Žádná data     Pá 21.5.   Žádná data     So 22.5.   Zavřeno
118,Ne 16.5.   Žádná data     Po 17.5.   Žádná data     Út 18.5.   Žádná data     St 19.5.   Žádná data     Čt 20.5.   Žádná data     Pá 21.5.   Žádná data     So 22.5.   Žádná data
119,Ne 16.5.   Maximální kapacita     Po 17.5.   Volná kapacita 47 z 89     Út 18.5.   Volná kapacita 74 z 89     St 19.5.   Volná kapacita 70 z 89     Čt 20.5.   Volná kapacita 80 z 89     Pá 21.5.   Volná kapacita 81 z 89     So 22.5.   Volná kapacita 74 z 89
120,Ne 16.5.   Maximální kapacita     Po 17.5.   Maximální kapacita     Út 18.5.   Volná kapacita 77 z 79     St 19.5.   Volná kapacita 77 z 78     Čt 20.5.   Volná kapacita 77 z 78     Pá 21.5.   Volná kapacita 78 z 83     So 22.5.   Volná kapacita 131 z 132
121,Ne 16.5.   Volná kapacita59 z 132     Po 17.5.   Volná kapacita111 z 355     Út 18.5.   Volná kapacita 244 z 355     St 19.5.   Volná kapacita 278 z 355     Čt 20.5.   Volná kapacita 247 z 355     Pá 21.5.   Volná kapacita 279 z 355     So 22.5.   Volná kapacita 120 z 132
122,Ne 16.5.   Žádná data     Po 17.5.   Žádná data     Út 18.5.   Žádná data     St 19.5.   Žádná data     Čt 20.5.   Žádná data     Pá 21.5.   Žádná data     So 22.5.   Žádná data
123,Ne 16.5.   Zavřeno     Po 17.5.   Maximální kapacita     Út 18.5.   Volná kapacita 8 z 12     St 19.5.   Volná kapacita 10 z 12     Čt 20.5.   Volná kapacita 12 z 12     Pá 21.5.   Volná kapacita 11 z 12     So 22.5.   Zavřeno
124,Ne 16.5.   Žádná data     Po 17.5.   Žádná data     Út 18.5.   Žádná data     St 19.5.   Žádná data     Čt 20.5.   Žádná data     Pá 21.5.   Žádná data     So 22.5.   Žádná data
125,Ne 16.5.   Zavřeno     Po 17.5.   Volná kapacita2 z 19     Út 18.5.   Maximální kapacita     St 19.5.   Maximální kapacita     Čt 20.5.   Maximální kapacita     Pá 21.5.   Volná kapacita 6 z 10     So 22.5.   Zavřeno
126,Ne 16.5.   Zavřeno     Po 17.5.   Žádná data     Út 18.5.   Žádná data     St 19.5.   Žádná data     Čt 20.5.   Žádná data     Pá 21.5.   Žádná data     So 22.5.   Zavřeno
127,Ne 16.5.   Zavřeno     Po 17.5.   Volná kapacita3 z 36     Út 18.5.   Volná kapacita 33 z 36     St 19.5.   Volná kapacita 30 z 36     Čt 20.5.   Zavřeno     Pá 21.5.   Zavřeno     So 22.5.   Zavřeno
128,Ne 16.5.   Zavřeno     Po 17.5.   Maximální kapacita     Út 18.5.   Maximální kapacita     St 19.5.   Maximální kapacita     Čt 20.5.   Maximální kapacita     Pá 21.5.   Maximální kapacita     So 22.5.   Zavřeno
129,Ne 16.5.   Zavřeno     Po 17.5.   Zavřeno     Út 18.5.   Žádná data     St 19.5.   Zavřeno     Čt 20.5.   Žádná data     Pá 21.5.   Zavřeno     So 22.5.   Zavřeno
130,Ne 16.5.   Zavřeno     Po 17.5.   Volná kapacita35 z 250     Út 18.5.   Volná kapacita36 z 250     St 19.5.   Volná kapacita38 z 250     Čt 20.5.   Volná kapacita40 z 250     Pá 21.5.   Volná kapacita40 z 250     So 22.5.   Zavřeno
131,Ne 16.5.   Zavřeno     Po 17.5.   Volná kapacita 58 z 81     Út 18.5.   Volná kapacita 74 z 81     St 19.5.   Volná kapacita 77 z 81     Čt 20.5.   Volná kapacita 80 z 81     Pá 21.5.   Volná kapacita 79 z 81     So 22.5.   Zavřeno
132,Ne 16.5.   Zavřeno     Po 17.5.   Maximální kapacita     Út 18.5.   Zavřeno     St 19.5.   Volná kapacita 11 z 15     Čt 20.5.   Volná kapacita 12 z 15     Pá 21.5.   Zavřeno     So 22.5.   Zavřeno
133,Ne 16.5.   Zavřeno     Po 17.5.   Volná kapacita 27 z 30     Út 18.5.   Volná kapacita 28 z 30     St 19.5.   Volná kapacita 26 z 30     Čt 20.5.   Volná kapacita 30 z 30     Pá 21.5.   Volná kapacita 20 z 24     So 22.5.   Zavřeno
134,Ne 16.5.   Zavřeno     Po 17.5.   Maximální kapacita     Út 18.5.   Volná kapacita 81 z 96     St 19.5.   Volná kapacita 89 z 96     Čt 20.5.   Volná kapacita 94 z 96     Pá 21.5.   Volná kapacita 94 z 96     So 22.5.   Zavřeno
135,Ne 16.5.   Zavřeno     Po 17.5.   Žádná data     Út 18.5.   Žádná data     St 19.5.   Žádná data     Čt 20.5.   Žádná data     Pá 21.5.   Žádná data     So 22.5.   Zavřeno
136,Ne 16.5.   Zavřeno     Po 17.5.   Žádná data     Út 18.5.   Žádná data     St 19.5.   Žádná data     Čt 20.5.   Žádná data     Pá 21.5.   Žádná data     So 22.5.   Zavřeno
137,Ne 16.5.   Volná kapacita 39 z 78     Po 17.5.   Volná kapacita 61 z 78     Út 18.5.   Volná kapacita 70 z 78     St 19.5.   Volná kapacita 75 z 78     Čt 20.5.   Volná kapacita 76 z 78     Pá 21.5.   Volná kapacita 71 z 78     So 22.5.   Volná kapacita 72 z 78
138,Ne 16.5.   Žádná data     Po 17.5.   Žádná data     Út 18.5.   Žádná data     St 19.5.   Žádná data     Čt 20.5.   Žádná data     Pá 21.5.   Žádná data     So 22.5.   Žádná data
139,Ne 16.5.   Zavřeno     Po 17.5.   Volná kapacita 155 z 192     Út 18.5.   Volná kapacita 188 z 192     St 19.5.   Volná kapacita 186 z 192     Čt 20.5.   Volná kapacita 192 z 192     Pá 21.5.   Volná kapacita 191 z 192     So 22.5.   Zavřeno
140,Ne 16.5.   Žádná data     Po 17.5.   Žádná data     Út 18.5.   Žádná data     St 19.5.   Žádná data     Čt 20.5.   Žádná data     Pá 21.5.   Žádná data     So 22.5.   Žádná data
141,Ne 16.5.   Zavřeno     Po 17.5.   Volná kapacita1 z 8     Út 18.5.   Maximální kapacita     St 19.5.   Maximální kapacita     Čt 20.5.   Volná kapacita 2 z 5     Pá 21.5.   Volná kapacita1 z 6     So 22.5.   Zavřeno
142,Ne 16.5.   Zavřeno     Po 17.5.   Volná kapacita1 z 31     Út 18.5.   Volná kapacita2 z 25     St 19.5.   Volná kapacita 14 z 22     Čt 20.5.   Volná kapacita2 z 27     Pá 21.5.   Volná kapacita2 z 27     So 22.5.   Zavřeno
143,Ne 16.5.   Zavřeno     Po 17.5.   Volná kapacita4 z 10     Út 18.5.   Volná kapacita 10 z 10     St 19.5.   Zavřeno     Čt 20.5.   Volná kapacita 9 z 10     Pá 21.5.   Zavřeno     So 22.5.   Zavřeno
144,Ne 16.5.   Zavřeno     Po 17.5.   Volná kapacita5 z 21     Út 18.5.   Volná kapacita 26 z 32     St 19.5.   Volná kapacita 24 z 31     Čt 20.5.   Volná kapacita 26 z 34     Pá 21.5.   Volná kapacita 18 z 32     So 22.5.   Zavřeno
145,Ne 16.5.   Zavřeno     Po 17.5.   Volná kapacita 4 z 6     Út 18.5.   Volná kapacita 29 z 30     St 19.5.   Volná kapacita 30 z 30     Čt 20.5.   Volná kapacita 30 z 31     Pá 21.5.   Volná kapacita 29 z 30     So 22.5.   Zavřeno
146,Ne 16.5.   Maximální kapacita     Po 17.5.   Volná kapacita3 z 23     Út 18.5.   Volná kapacita 58 z 60     St 19.5.   Volná kapacita 52 z 61     Čt 20.5.   Volná kapacita 57 z 62     Pá 21.5.   Volná kapacita 60 z 61     So 22.5.   Maximální kapacita
147,Ne 16.5.   Zavřeno     Po 17.5.   Volná kapacita5 z 14     Út 18.5.   Volná kapacita 25 z 30     St 19.5.   Volná kapacita 29 z 30     Čt 20.5.   Volná kapacita 55 z 60     Pá 21.5.   Volná kapacita 27 z 31     So 22.5.   Zavřeno
148,Ne 16.5.   Zavřeno     Po 17.5.   Maximální kapacita     Út 18.5.   Maximální kapacita     St 19.5.   Maximální kapacita     Čt 20.5.   Maximální kapacita     Pá 21.5.   Maximální kapacita     So 22.5.   Zavřeno
149,Ne 16.5.   Zavřeno     Po 17.5.   Volná kapacita 17 z 17     Út 18.5.   Volná kapacita 17 z 17     St 19.5.   Volná kapacita 17 z 17     Čt 20.5.   Volná kapacita 17 z 17     Pá 21.5.   Volná kapacita 17 z 17     So 22.5.   Zavřeno
150,Ne 16.5.   Žádná data     Po 17.5.   Žádná data     Út 18.5.   Žádná data     St 19.5.   Žádná data     Čt 20.5.   Žádná data     Pá 21.5.   Žádná data     So 22.5.   Žádná data
151,Ne 16.5.   Zavřeno     Po 17.5.   Maximální kapacita     Út 18.5.   Maximální kapacita     St 19.5.   Maximální kapacita     Čt 20.5.   Maximální kapacita     Pá 21.5.   Maximální kapacita     So 22.5.   Maximální kapacita
152,Ne 16.5.   Zavřeno     Po 17.5.   Žádná data     Út 18.5.   Žádná data     St 19.5.   Žádná data     Čt 20.5.   Žádná data     Pá 21.5.   Žádná data     So 22.5.   Zavřeno
153,Ne 16.5.   Maximální kapacita     Po 17.5.   Volná kapacita 715 z 790     Út 18.5.   Volná kapacita 734 z 789     St 19.5.   Volná kapacita 752 z 789     Čt 20.5.   Volná kapacita 774 z 789     Pá 21.5.   Volná kapacita 725 z 735     So 22.5.   Volná kapacita 728 z 735
154,Ne 16.5.   Zavřeno     Po 17.5.   Maximální kapacita     Út 18.5.   Maximální kapacita     St 19.5.   Maximální kapacita     Čt 20.5.   Maximální kapacita     Pá 21.5.   Maximální kapacita     So 22.5.   Zavřeno
155,Ne 16.5.   Zavřeno     Po 17.5.   Maximální kapacita     Út 18.5.   Maximální kapacita     St 19.5.   Volná kapacita 29 z 30     Čt 20.5.   Maximální kapacita     Pá 21.5.   Volná kapacita 30 z 30     So 22.5.   Zavřeno
156,Ne 16.5.   Zavřeno     Po 17.5.   Volná kapacita 52 z 90     Út 18.5.   Volná kapacita 76 z 90     St 19.5.   Volná kapacita 78 z 90     Čt 20.5.   Volná kapacita 80 z 90     Pá 21.5.   Volná kapacita 77 z 90     So 22.5.   Volná kapacita 88 z 90
157,Ne 16.5.   Žádná data     Po 17.5.   Žádná data     Út 18.5.   Žádná data     St 19.5.   Žádná data     Čt 20.5.   Žádná data     Pá 21.5.   Žádná data     So 22.5.   Žádná data
158,Ne 16.5.   Žádná data     Po 17.5.   Žádná data     Út 18.5.   Žádná data     St 19.5.   Žádná data     Čt 20.5.   Žádná data     Pá 21.5.   Žádná data     So 22.5.   Žádná data
159,Ne 16.5.   Maximální kapacita     Po 17.5.   Volná kapacita 47 z 77     Út 18.5.   Volná kapacita 62 z 77     St 19.5.   Volná kapacita 73 z 77     Čt 20.5.   Volná kapacita 62 z 77     Pá 21.5.   Volná kapacita 72 z 77     So 22.5.   Volná kapacita 59 z 76
160,Ne 16.5.   Volná kapacita 356 z 360     Po 17.5.   Volná kapacita 358 z 360     Út 18.5.   Volná kapacita 359 z 360     St 19.5.   Volná kapacita 358 z 360     Čt 20.5.   Volná kapacita 357 z 360     Pá 21.5.   Volná kapacita 359 z 360     So 22.5.   Volná kapacita 360 z 360
161,Ne 16.5.   Zavřeno     Po 17.5.   Volná kapacita 51 z 66     Út 18.5.   Volná kapacita 64 z 66     St 19.5.   Volná kapacita 64 z 66     Čt 20.5.   Volná kapacita 60 z 66     Pá 21.5.   Volná kapacita 64 z 66     So 22.5.   Zavřeno
162,Ne 16.5.   Žádná data     Po 17.5.   Žádná data     Út 18.5.   Žádná data     St 19.5.   Žádná data     Čt 20.5.   Žádná data     Pá 21.5.   Žádná data     So 22.5.   Žádná data
163,Ne 16.5.   Volná kapacita161 z 336     Po 17.5.   Volná kapacita 188 z 288     Út 18.5.   Volná kapacita 206 z 288     St 19.5.   Volná kapacita 220 z 288     Čt 20.5.   Volná kapacita 238 z 288     Pá 21.5.   Volná kapacita 258 z 288     So 22.5.   Zavřeno
164,Ne 16.5.   Zavřeno     Po 17.5.   Volná kapacita4 z 72     Út 18.5.   Maximální kapacita     St 19.5.   Maximální kapacita     Čt 20.5.   Volná kapacita11 z 72     Pá 21.5.   Maximální kapacita     So 22.5.   Zavřeno
165,Ne 16.5.   Zavřeno     Po 17.5.   Maximální kapacita     Út 18.5.   Volná kapacita3 z 255     St 19.5.   Maximální kapacita     Čt 20.5.   Volná kapacita8 z 255     Pá 21.5.   Volná kapacita6 z 255     So 22.5.   Volná kapacita8 z 255
166,Ne 16.5.   Žádná data     Po 17.5.   Žádná data     Út 18.5.   Žádná data     St 19.5.   Žádná data     Čt 20.5.   Žádná data     Pá 21.5.   Žádná data     So 22.5.   Žádná data
167,Ne 16.5.   Maximální kapacita     Po 17.5.   Maximální kapacita     Út 18.5.   Volná kapacita1 z 132     St 19.5.   Volná kapacita19 z 132     Čt 20.5.   Volná kapacita23 z 132     Pá 21.5.   Zavřeno     So 22.5.   Zavřeno
168,Ne 16.5.   Zavřeno     Po 17.5.   Volná kapacita 31 z 48     Út 18.5.   Volná kapacita 39 z 48     St 19.5.   Volná kapacita 39 z 48     Čt 20.5.   Volná kapacita 42 z 48     Pá 21.5.   Volná kapacita 46 z 48     So 22.5.   Zavřeno
169,Ne 16.5.   Zavřeno     Po 17.5.   Volná kapacita 25 z 47     Út 18.5.   Zavřeno     St 19.5.   Zavřeno     Čt 20.5.   Zavřeno     Pá 21.5.   Volná kapacita 44 z 48     So 22.5.   Zavřeno
170,Ne 16.5.   Zavřeno     Po 17.5.   Volná kapacita 26 z 40     Út 18.5.   Volná kapacita 38 z 40     St 19.5.   Volná kapacita 35 z 40     Čt 20.5.   Volná kapacita 40 z 40     Pá 21.5.   Volná kapacita 39 z 40     So 22.5.   Zavřeno
171,Ne 16.5.   Zavřeno     Po 17.5.   Žádná data     Út 18.5.   Žádná data     St 19.5.   Žádná data     Čt 20.5.   Žádná data     Pá 21.5.   Žádná data     So 22.5.   Žádná data
172,Ne 16.5.   Žádná data     Po 17.5.   Žádná data     Út 18.5.   Žádná data     St 19.5.   Žádná data     Čt 20.5.   Žádná data     Pá 21.5.   Žádná data     So 22.5.   Žádná data
173,Ne 16.5.   Zavřeno     Po 17.5.   Volná kapacita 43 z 48     Út 18.5.   Zavřeno     St 19.5.   Volná kapacita 48 z 48     Čt 20.5.   Zavřeno     Pá 21.5.   Volná kapacita 48 z 48     So 22.5.   Zavřeno
174,Ne 16.5.   Maximální kapacita     Po 17.5.   Volná kapacita 136 z 168     Út 18.5.   Volná kapacita 137 z 146     St 19.5.   Volná kapacita 138 z 145     Čt 20.5.   Volná kapacita 139 z 146     Pá 21.5.   Volná kapacita 138 z 145     So 22.5.   Volná kapacita 117 z 122
175,Ne 16.5.   Zavřeno     Po 17.5.   Maximální kapacita     Út 18.5.   Maximální kapacita     St 19.5.   Maximální kapacita     Čt 20.5.   Maximální kapacita     Pá 21.5.   Maximální kapacita     So 22.5.   Zavřeno
176,Ne 16.5.   Zavřeno     Po 17.5.   Volná kapacita 37 z 48     Út 18.5.   Zavřeno     St 19.5.   Volná kapacita 43 z 48     Čt 20.5.   Zavřeno     Pá 21.5.   Volná kapacita 44 z 48     So 22.5.   Zavřeno
177,Ne 16.5.   Maximální kapacita     Po 17.5.   Volná kapacita8 z 34     Út 18.5.   Volná kapacita 48 z 60     St 19.5.   Volná kapacita 66 z 78     Čt 20.5.   Volná kapacita 47 z 60     Pá 21.5.   Volná kapacita 11 z 12     So 22.5.   Volná kapacita 56 z 60
178,Ne 16.5.   Zavřeno     Po 17.5.   Žádná data     Út 18.5.   Žádná data     St 19.5.   Žádná data     Čt 20.5.   Žádná data     Pá 21.5.   Žádná data     So 22.5.   Zavřeno
179,Ne 16.5.   Zavřeno     Po 17.5.   Volná kapacita 123 z 160     Út 18.5.   Volná kapacita 145 z 160     St 19.5.   Volná kapacita 148 z 160     Čt 20.5.   Volná kapacita 154 z 160     Pá 21.5.   Volná kapacita 159 z 160     So 22.5.   Volná kapacita 100 z 100
180,Ne 16.5.   Maximální kapacita     Po 17.5.   Volná kapacita 104 z 122     Út 18.5.   Volná kapacita 114 z 127     St 19.5.   Volná kapacita 118 z 120     Čt 20.5.   Volná kapacita 120 z 120     Pá 21.5.   Volná kapacita 115 z 120     So 22.5.   Maximální kapacita
181,Ne 16.5.   Zavřeno     Po 17.5.   Volná kapacita 226 z 240     Út 18.5.   Volná kapacita 235 z 240     St 19.5.   Volná kapacita 235 z 240     Čt 20.5.   Volná kapacita 240 z 240     Pá 21.5.   Volná kapacita 236 z 240     So 22.5.   Zavřeno
182,Ne 16.5.   Zavřeno     Po 17.5.   Maximální kapacita     Út 18.5.   Volná kapacita 242 z 256     St 19.5.   Volná kapacita 244 z 256     Čt 20.5.   Volná kapacita 245 z 256     Pá 21.5.   Volná kapacita 253 z 256     So 22.5.   Zavřeno
183,Ne 16.5.   Zavřeno     Po 17.5.   Žádná data     Út 18.5.   Žádná data     St 19.5.   Žádná data     Čt 20.5.   Žádná data     Pá 21.5.   Žádná data     So 22.5.   Zavřeno
184,Ne 16.5.   Maximální kapacita     Po 17.5.   Maximální kapacita     Út 18.5.   Volná kapacita 103 z 112     St 19.5.   Volná kapacita 107 z 112     Čt 20.5.   Volná kapacita 111 z 112     Pá 21.5.   Volná kapacita 111 z 112     So 22.5.   Maximální kapacita
185,Ne 16.5.   Zavřeno     Po 17.5.   Maximální kapacita     Út 18.5.   Volná kapacita 183 z 216     St 19.5.   Volná kapacita 203 z 216     Čt 20.5.   Volná kapacita 209 z 216     Pá 21.5.   Volná kapacita 203 z 216     So 22.5.   Volná kapacita 110 z 120
186,Ne 16.5.   Zavřeno     Po 17.5.   Žádná data     Út 18.5.   Žádná data     St 19.5.   Žádná data     Čt 20.5.   Žádná data     Pá 21.5.   Žádná data     So 22.5.   Zavřeno
187,Ne 16.5.   Zavřeno     Po 17.5.   Žádná data     Út 18.5.   Žádná data     St 19.5.   Žádná data     Čt 20.5.   Žádná data     Pá 21.5.   Žádná data     So 22.5.   Zavřeno
188,Ne 16.5.   Zavřeno     Po 17.5.   Žádná data     Út 18.5.   Žádná data     St 19.5.   Žádná data     Čt 20.5.   Žádná data     Pá 21.5.   Žádná data     So 22.5.   Zavřeno
189,Ne 16.5.   Žádná data     Po 17.5.   Žádná data     Út 18.5.   Žádná data     St 19.5.   Žádná data     Čt 20.5.   Žádná data     Pá 21.5.   Žádná data     So 22.5.   Žádná data
190,Ne 16.5.   Volná kapacita 49 z 54     Po 17.5.   Volná kapacita 51 z 54     Út 18.5.   Volná kapacita 53 z 54     St 19.5.   Volná kapacita 54 z 54     Čt 20.5.   Volná kapacita 54 z 54     Pá 21.5.   Volná kapacita 53 z 54     So 22.5.   Volná kapacita 53 z 54
191,Ne 16.5.   Zavřeno     Po 17.5.   Maximální kapacita     Út 18.5.   Zavřeno     St 19.5.   Volná kapacita 12 z 12     Čt 20.5.   Volná kapacita 12 z 12     Pá 21.5.   Zavřeno     So 22.5.   Zavřeno
192,Ne 16.5.   Zavřeno     Po 17.5.   Volná kapacita21 z 87     Út 18.5.   Volná kapacita 52 z 84     St 19.5.   Volná kapacita 66 z 84     Čt 20.5.   Volná kapacita 72 z 84     Pá 21.5.   Volná kapacita 67 z 84     So 22.5.   Zavřeno
193,Ne 16.5.   Zavřeno     Po 17.5.   Volná kapacita 49 z 87     Út 18.5.   Volná kapacita 71 z 87     St 19.5.   Volná kapacita 69 z 87     Čt 20.5.   Volná kapacita 75 z 87     Pá 21.5.   Volná kapacita 73 z 87     So 22.5.   Zavřeno
194,Ne 16.5.   Zavřeno     Po 17.5.   Volná kapacita 45 z 87     Út 18.5.   Volná kapacita 42 z 57     St 19.5.   Volná kapacita 50 z 57     Čt 20.5.   Volná kapacita 50 z 57     Pá 21.5.   Volná kapacita 86 z 87     So 22.5.   Zavřeno
195,Ne 16.5.   Žádná data     Po 17.5.   Žádná data     Út 18.5.   Žádná data     St 19.5.   Žádná data     Čt 20.5.   Žádná data     Pá 21.5.   Žádná data     So 22.5.   Žádná data
196,Ne 16.5.   Zavřeno     Po 17.5.   Žádná data     Út 18.5.   Žádná data     St 19.5.   Žádná data     Čt 20.5.   Žádná data     Pá 21.5.   Žádná data     So 22.5.   Zavřeno
197,Ne 16.5.   Zavřeno     Po 17.5.   Žádná data     Út 18.5.   Žádná data     St 19.5.   Žádná data     Čt 20.5.   Žádná data     Pá 21.5.   Žádná data     So 22.5.   Zavřeno
198,Ne 16.5.   Zavřeno     Po 17.5.   Žádná data     Út 18.5.   Žádná data     St 19.5.   Žádná data     Čt 20.5.   Žádná data     Pá 21.5.   Žádná data     So 22.5.   Žádná data
199,Ne 16.5.   Žádná data     Po 17.5.   Žádná data     Út 18.5.   Žádná data     St 19.5.   Žádná data     Čt 20.5.   Žádná data     Pá 21.5.   Žádná data     So 22.5.   Žádná data
200,Ne 16.5.   Zavřeno     Po 17.5.   Zavřeno     Út 18.5.   Maximální kapacita     St 19.5.   Maximální kapacita     Čt 20.5.   Zavřeno     Pá 21.5.   Maximální kapacita     So 22.5.   Zavřeno
201,Ne 16.5.   Zavřeno     Po 17.5.   Žádná data     Út 18.5.   Žádná data     St 19.5.   Žádná data     Čt 20.5.   Žádná data     Pá 21.5.   Žádná data     So 22.5.   Zavřeno
202,Ne 16.5.   Zavřeno     Po 17.5.   Žádná data     Út 18.5.   Zavřeno     St 19.5.   Žádná data     Čt 20.5.   Zavřeno     Pá 21.5.   Žádná data     So 22.5.   Zavřeno
203,Ne 16.5.   Zavřeno     Po 17.5.   Žádná data     Út 18.5.   Žádná data     St 19.5.   Žádná data     Čt 20.5.   Žádná data     Pá 21.5.   Žádná data     So 22.5.   Zavřeno
204,Ne 16.5.   Zavřeno     Po 17.5.   Žádná data     Út 18.5.   Žádná data     St 19.5.   Žádná data     Čt 20.5.   Žádná data     Pá 21.5.   Zavřeno     So 22.5.   Zavřeno
205,Ne 16.5.   Zavřeno     Po 17.5.   Žádná data     Út 18.5.   Žádná data     St 19.5.   Žádná data     Čt 20.5.   Zavřeno     Pá 21.5.   Zavřeno     So 22.5.   Zavřeno
206,Ne 16.5.   Maximální kapacita     Po 17.5.   Volná kapacita81 z 168     Út 18.5.   Volná kapacita 108 z 126     St 19.5.   Volná kapacita 90 z 126     Čt 20.5.   Volná kapacita 111 z 126     Pá 21.5.   Volná kapacita 81 z 108     So 22.5.   Zavřeno
207,Ne 16.5.   Žádná data     Po 17.5.   Žádná data     Út 18.5.   Žádná data     St 19.5.   Žádná data     Čt 20.5.   Žádná data     Pá 21.5.   Žádná data     So 22.5.   Žádná data
208,Ne 16.5.   Žádná data     Po 17.5.   Žádná data     Út 18.5.   Žádná data     St 19.5.   Žádná data     Čt 20.5.   Žádná data     Pá 21.5.   Žádná data     So 22.5.   Žádná data
209,Ne 16.5.   Volná kapacita 281 z 335     Po 17.5.   Volná kapacita 847 z 864     Út 18.5.   Volná kapacita 852 z 864     St 19.5.   Volná kapacita 859 z 864     Čt 20.5.   Volná kapacita 859 z 864     Pá 21.5.   Volná kapacita 858 z 864     So 22.5.   Volná kapacita 864 z 864
210,Ne 16.5.   Žádná data     Po 17.5.   Žádná data     Út 18.5.   Žádná data     St 19.5.   Žádná data     Čt 20.5.   Žádná data     Pá 21.5.   Žádná data     So 22.5.   Žádná data
211,Ne 16.5.   Zavřeno     Po 17.5.   Žádná data     Út 18.5.   Žádná data     St 19.5.   Žádná data     Čt 20.5.   Žádná data     Pá 21.5.   Žádná data     So 22.5.   Zavřeno
212,Ne 16.5.   Zavřeno     Po 17.5.   Volná kapacita 32 z 48     Út 18.5.   Maximální kapacita     St 19.5.   Maximální kapacita     Čt 20.5.   Maximální kapacita     Pá 21.5.   Maximální kapacita     So 22.5.   Zavřeno
213,Ne 16.5.   Zavřeno     Po 17.5.   Volná kapacita 63 z 68     Út 18.5.   Volná kapacita 69 z 71     St 19.5.   Volná kapacita 72 z 72     Čt 20.5.   Volná kapacita 71 z 72     Pá 21.5.   Volná kapacita 44 z 46     So 22.5.   Zavřeno
214,Ne 16.5.   Zavřeno     Po 17.5.   Žádná data     Út 18.5.   Zavřeno     St 19.5.   Zavřeno     Čt 20.5.   Žádná data     Pá 21.5.   Zavřeno     So 22.5.   Zavřeno
215,Ne 16.5.   Maximální kapacita     Po 17.5.   Volná kapacita 39 z 60     Út 18.5.   Volná kapacita 58 z 60     St 19.5.   Volná kapacita 56 z 60     Čt 20.5.   Volná kapacita 57 z 60     Pá 21.5.   Volná kapacita 59 z 60     So 22.5.   Volná kapacita 47 z 48
216,Ne 16.5.   Žádná data     Po 17.5.   Žádná data     Út 18.5.   Žádná data     St 19.5.   Žádná data     Čt 20.5.   Žádná data     Pá 21.5.   Žádná data     So 22.5.   Žádná data
217,Ne 16.5.   Žádná data     Po 17.5.   Žádná data     Út 18.5.   Žádná data     St 19.5.   Žádná data     Čt 20.5.   Žádná data     Pá 21.5.   Žádná data     So 22.5.   Žádná data
218,Ne 16.5.   Žádná data     Po 17.5.   Žádná data     Út 18.5.   Žádná data     St 19.5.   Žádná data     Čt 20.5.   Žádná data     Pá 21.5.   Žádná data     So 22.5.   Žádná data
219,Ne 16.5.   Žádná data     Po 17.5.   Žádná data     Út 18.5.   Žádná data     St 19.5.   Žádná data     Čt 20.5.   Žádná data     Pá 21.5.   Žádná data     So 22.5.   Žádná data
220,Ne 16.5.   Zavřeno     Po 17.5.   Maximální kapacita     Út 18.5.   Volná kapacita11 z 30     St 19.5.   Volná kapacita5 z 15     Čt 20.5.   Volná kapacita3 z 30     Pá 21.5.   Volná kapacita8 z 30     So 22.5.   Zavřeno
221,Ne 16.5.   Volná kapacita5 z 16     Po 17.5.   Maximální kapacita     Út 18.5.   Volná kapacita 30 z 30     St 19.5.   Volná kapacita 29 z 30     Čt 20.5.   Volná kapacita 30 z 30     Pá 21.5.   Volná kapacita 30 z 32     So 22.5.   Maximální kapacita
222,Ne 16.5.   Volná kapacita1 z 8     Po 17.5.   Volná kapacita 5 z 7     Út 18.5.   Volná kapacita 30 z 30     St 19.5.   Volná kapacita 30 z 30     Čt 20.5.   Volná kapacita 30 z 30     Pá 21.5.   Volná kapacita 30 z 30     So 22.5.   Maximální kapacita
223,Ne 16.5.   Maximální kapacita     Po 17.5.   Volná kapacita5 z 34     Út 18.5.   Volná kapacita 11 z 22     St 19.5.   Volná kapacita 53 z 60     Čt 20.5.   Volná kapacita 56 z 61     Pá 21.5.   Volná kapacita 55 z 65     So 22.5.   Maximální kapacita
224,Ne 16.5.   Zavřeno     Po 17.5.   Žádná data     Út 18.5.   Žádná data     St 19.5.   Žádná data     Čt 20.5.   Žádná data     Pá 21.5.   Žádná data     So 22.5.   Zavřeno
225,Ne 16.5.   Žádná data     Po 17.5.   Žádná data     Út 18.5.   Žádná data     St 19.5.   Žádná data     Čt 20.5.   Žádná data     Pá 21.5.   Žádná data     So 22.5.   Žádná data
226,Ne 16.5.   Zavřeno     Po 17.5.   Volná kapacita 16 z 24     Út 18.5.   Volná kapacita 16 z 24     St 19.5.   Volná kapacita 22 z 24     Čt 20.5.   Volná kapacita 26 z 26     Pá 21.5.   Volná kapacita 21 z 22     So 22.5.   Zavřeno
227,Ne 16.5.   Zavřeno     Po 17.5.   Volná kapacita 20 z 24     Út 18.5.   Volná kapacita 17 z 24     St 19.5.   Volná kapacita 21 z 24     Čt 20.5.   Volná kapacita 23 z 24     Pá 21.5.   Volná kapacita9 z 24     So 22.5.   Zavřeno
228,Ne 16.5.   Volná kapacita 92 z 108     Po 17.5.   Volná kapacita 98 z 108     Út 18.5.   Volná kapacita 102 z 108     St 19.5.   Volná kapacita 97 z 108     Čt 20.5.   Volná kapacita 100 z 108     Pá 21.5.   Volná kapacita 92 z 108     So 22.5.   Volná kapacita 107 z 108
229,Ne 16.5.   Zavřeno     Po 17.5.   Volná kapacita 33 z 47     Út 18.5.   Volná kapacita 44 z 46     St 19.5.   Volná kapacita 44 z 45     Čt 20.5.   Volná kapacita 44 z 45     Pá 21.5.   Volná kapacita 45 z 45     So 22.5.   Zavřeno
230,Ne 16.5.   Zavřeno     Po 17.5.   Volná kapacita 13 z 21     Út 18.5.   Volná kapacita 19 z 21     St 19.5.   Volná kapacita 20 z 20     Čt 20.5.   Volná kapacita 17 z 20     Pá 21.5.   Volná kapacita 20 z 20     So 22.5.   Zavřeno
231,Ne 16.5.   Zavřeno     Po 17.5.   Maximální kapacita     Út 18.5.   Maximální kapacita     St 19.5.   Maximální kapacita     Čt 20.5.   Maximální kapacita     Pá 21.5.   Maximální kapacita     So 22.5.   Zavřeno
232,Ne 16.5.   Zavřeno     Po 17.5.   Volná kapacita 16 z 21     Út 18.5.   Volná kapacita 18 z 20     St 19.5.   Volná kapacita 20 z 20     Čt 20.5.   Volná kapacita 18 z 20     Pá 21.5.   Volná kapacita 18 z 20     So 22.5.   Zavřeno
233,Ne 16.5.   Zavřeno     Po 17.5.   Volná kapacita 16 z 23     Út 18.5.   Volná kapacita 20 z 24     St 19.5.   Volná kapacita 18 z 20     Čt 20.5.   Volná kapacita 19 z 20     Pá 21.5.   Volná kapacita 19 z 20     So 22.5.   Zavřeno
234,Ne 16.5.   Zavřeno     Po 17.5.   Volná kapacita 24 z 32     Út 18.5.   Volná kapacita 28 z 30     St 19.5.   Volná kapacita 28 z 31     Čt 20.5.   Volná kapacita 28 z 30     Pá 21.5.   Volná kapacita 40 z 40     So 22.5.   Zavřeno
235,Ne 16.5.   Žádná data     Po 17.5.   Žádná data     Út 18.5.   Žádná data     St 19.5.   Žádná data     Čt 20.5.   Žádná data     Pá 21.5.   Žádná data     So 22.5.   Žádná data
236,Ne 16.5.   Zavřeno     Po 17.5.   Žádná data     Út 18.5.   Žádná data     St 19.5.   Žádná data     Čt 20.5.   Žádná data     Pá 21.5.   Žádná data     So 22.5.   Zavřeno
237,Ne 16.5.   Žádná data     Po 17.5.   Žádná data     Út 18.5.   Žádná data     St 19.5.   Žádná data     Čt 20.5.   Žádná data     Pá 21.5.   Žádná data     So 22.5.   Žádná data
238,Ne 16.5.   Žádná data     Po 17.5.   Žádná data     Út 18.5.   Žádná data     St 19.5.   Žádná data     Čt 20.5.   Žádná data     Pá 21.5.   Žádná data     So 22.5.   Žádná data
239,Ne 16.5.   Žádná data     Po 17.5.   Žádná data     Út 18.5.   Žádná data     St 19.5.   Žádná data     Čt 20.5.   Žádná data     Pá 21.5.   Žádná data     So 22.5.   Žádná data
240,Ne 16.5.   Žádná data     Po 17.5.   Žádná data     Út 18.5.   Žádná data     St 19.5.   Žádná data     Čt 20.5.   Žádná data     Pá 21.5.   Žádná data     So 22.5.   Žádná data
241,Ne 16.5.   Žádná data     Po 17.5.   Žádná data     Út 18.5.   Žádná data     St 19.5.   Žádná data     Čt 20.5.   Žádná data     Pá 21.5.   Žádná data     So 22.5.   Žádná data
242,Ne 16.5.   Žádná data     Po 17.5.   Žádná data     Út 18.5.   Žádná data     St 19.5.   Žádná data     Čt 20.5.   Žádná data     Pá 21.5.   Žádná data     So 22.5.   Žádná data
243,Ne 16.5.   Zavřeno     Po 17.5.   Volná kapacita 5 z 9     Út 18.5.   Volná kapacita 30 z 30     St 19.5.   Volná kapacita 29 z 31     Čt 20.5.   Volná kapacita 27 z 30     Pá 21.5.   Volná kapacita 29 z 32     So 22.5.   Zavřeno
244,Ne 16.5.   Zavřeno     Po 17.5.   Volná kapacita5 z 15     Út 18.5.   Volná kapacita 59 z 60     St 19.5.   Volná kapacita 60 z 60     Čt 20.5.   Volná kapacita 60 z 60     Pá 21.5.   Volná kapacita 59 z 60     So 22.5.   Zavřeno
245,Ne 16.5.   Žádná data     Po 17.5.   Žádná data     Út 18.5.   Žádná data     St 19.5.   Žádná data     Čt 20.5.   Žádná data     Pá 21.5.   Žádná data     So 22.5.   Žádná data
246,Ne 16.5.   Žádná data     Po 17.5.   Žádná data     Út 18.5.   Žádná data     St 19.5.   Žádná data     Čt 20.5.   Žádná data     Pá 21.5.   Žádná data     So 22.5.   Žádná data
247,Ne 16.5.   Zavřeno     Po 17.5.   Volná kapacita37 z 96     Út 18.5.   Volná kapacita 86 z 96     St 19.5.   Volná kapacita 82 z 96     Čt 20.5.   Volná kapacita 91 z 96     Pá 21.5.   Volná kapacita 93 z 96     So 22.5.   Maximální kapacita
248,Ne 16.5.   Zavřeno     Po 17.5.   Žádná data     Út 18.5.   Žádná data     St 19.5.   Žádná data     Čt 20.5.   Žádná data     Pá 21.5.   Žádná data     So 22.5.   Zavřeno
249,Ne 16.5.   Maximální kapacita     Po 17.5.   Volná kapacita 285 z 555     Út 18.5.   Volná kapacita 425 z 555     St 19.5.   Volná kapacita 471 z 555     Čt 20.5.   Volná kapacita 495 z 555     Pá 21.5.   Volná kapacita 507 z 555     So 22.5.   Volná kapacita 523 z 555
250,Ne 16.5.   Maximální kapacita     Po 17.5.   Volná kapacita 464 z 555     Út 18.5.   Volná kapacita 509 z 555     St 19.5.   Volná kapacita 537 z 555     Čt 20.5.   Volná kapacita 542 z 555     Pá 21.5.   Volná kapacita 540 z 555     So 22.5.   Volná kapacita 554 z 555
251,Ne 16.5.   Zavřeno     Po 17.5.   Žádná data     Út 18.5.   Zavřeno     St 19.5.   Žádná data     Čt 20.5.   Zavřeno     Pá 21.5.   Žádná data     So 22.5.   Zavřeno
252,Ne 16.5.   Zavřeno     Po 17.5.   Žádná data     Út 18.5.   Žádná data     St 19.5.   Žádná data     Čt 20.5.   Žádná data     Pá 21.5.   Žádná data     So 22.5.   Zavřeno
253,Ne 16.5.   Zavřeno     Po 17.5.   Žádná data     Út 18.5.   Žádná data     St 19.5.   Žádná data     Čt 20.5.   Žádná data     Pá 21.5.   Žádná data     So 22.5.   Zavřeno
254,Ne 16.5.   Zavřeno     Po 17.5.   Žádná data     Út 18.5.   Žádná data     St 19.5.   Žádná data     Čt 20.5.   Žádná data     Pá 21.5.   Žádná data     So 22.5.   Zavřeno
255,Ne 16.5.   Maximální kapacita     Po 17.5.   Maximální kapacita     Út 18.5.   Maximální kapacita     St 19.5.   Maximální kapacita     Čt 20.5.   Maximální kapacita     Pá 21.5.   Maximální kapacita     So 22.5.   Maximální kapacita
256,Ne 16.5.   Zavřeno     Po 17.5.   Žádná data     Út 18.5.   Žádná data     St 19.5.   Žádná data     Čt 20.5.   Žádná data     Pá 21.5.   Žádná data     So 22.5.   Zavřeno
257,Ne 16.5.   Žádná data     Po 17.5.   Žádná data     Út 18.5.   Žádná data     St 19.5.   Žádná data     Čt 20.5.   Žádná data     Pá 21.5.   Žádná data     So 22.5.   Žádná data
258,Ne 16.5.   Zavřeno     Po 17.5.   Volná kapacita 56 z 80     Út 18.5.   Volná kapacita 78 z 80     St 19.5.   Volná kapacita 78 z 80     Čt 20.5.   Volná kapacita 80 z 80     Pá 21.5.   Volná kapacita 80 z 80     So 22.5.   Zavřeno
259,Ne 16.5.   Zavřeno     Po 17.5.   Volná kapacita 279 z 300     Út 18.5.   Volná kapacita 293 z 300     St 19.5.   Volná kapacita 299 z 300     Čt 20.5.   Volná kapacita 299 z 300     Pá 21.5.   Volná kapacita 299 z 300     So 22.5.   Zavřeno
260,Ne 16.5.   Žádná data     Po 17.5.   Žádná data     Út 18.5.   Žádná data     St 19.5.   Žádná data     Čt 20.5.   Žádná data     Pá 21.5.   Žádná data     So 22.5.   Žádná data
261,Ne 16.5.   Žádná data     Po 17.5.   Žádná data     Út 18.5.   Žádná data     St 19.5.   Žádná data     Čt 20.5.   Žádná data     Pá 21.5.   Žádná data     So 22.5.   Žádná data
262,Ne 16.5.   Maximální kapacita     Po 17.5.   Maximální kapacita     Út 18.5.   Volná kapacita 28 z 36     St 19.5.   Volná kapacita 29 z 36     Čt 20.5.   Volná kapacita 30 z 36     Pá 21.5.   Volná kapacita 30 z 36     So 22.5.   Maximální kapacita
263,Ne 16.5.   Maximální kapacita     Po 17.5.   Volná kapacita11 z 24     Út 18.5.   Volná kapacita 17 z 24     St 19.5.   Volná kapacita 18 z 24     Čt 20.5.   Volná kapacita 23 z 24     Pá 21.5.   Volná kapacita 12 z 24     So 22.5.   Volná kapacita 9 z 12
264,Ne 16.5.   Žádná data     Po 17.5.   Žádná data     Út 18.5.   Žádná data     St 19.5.   Žádná data     Čt 20.5.   Žádná data     Pá 21.5.   Žádná data     So 22.5.   Žádná data
265,Ne 16.5.   Žádná data     Po 17.5.   Žádná data     Út 18.5.   Žádná data     St 19.5.   Žádná data     Čt 20.5.   Žádná data     Pá 21.5.   Žádná data     So 22.5.   Žádná data
266,Ne 16.5.   Maximální kapacita     Po 17.5.   Volná kapacita 53 z 61     Út 18.5.   Volná kapacita 60 z 60     St 19.5.   Volná kapacita 59 z 60     Čt 20.5.   Volná kapacita 57 z 60     Pá 21.5.   Volná kapacita 23 z 24     So 22.5.   Maximální kapacita
267,Ne 16.5.   Volná kapacita14 z 32     Po 17.5.   Volná kapacita 45 z 48     Út 18.5.   Volná kapacita 46 z 48     St 19.5.   Volná kapacita 46 z 48     Čt 20.5.   Volná kapacita 47 z 48     Pá 21.5.   Volná kapacita 46 z 48     So 22.5.   Volná kapacita 48 z 48
268,Ne 16.5.   Zavřeno     Po 17.5.   Volná kapacita 173 z 190     Út 18.5.   Volná kapacita 185 z 190     St 19.5.   Volná kapacita 183 z 190     Čt 20.5.   Volná kapacita 181 z 190     Pá 21.5.   Volná kapacita 187 z 190     So 22.5.   Volná kapacita 73 z 80
269,Ne 16.5.   Žádná data     Po 17.5.   Zavřeno     Út 18.5.   Zavřeno     St 19.5.   Zavřeno     Čt 20.5.   Žádná data     Pá 21.5.   Žádná data     So 22.5.   Žádná data
270,Ne 16.5.   Volná kapacita 276 z 279     Po 17.5.   Volná kapacita 607 z 612     Út 18.5.   Volná kapacita 609 z 612     St 19.5.   Volná kapacita 611 z 612     Čt 20.5.   Volná kapacita 609 z 612     Pá 21.5.   Volná kapacita 611 z 612     So 22.5.   Volná kapacita 612 z 612
271,Ne 16.5.   Žádná data     Po 17.5.   Žádná data     Út 18.5.   Žádná data     St 19.5.   Žádná data     Čt 20.5.   Žádná data     Pá 21.5.   Žádná data     So 22.5.   Zavřeno
272,Ne 16.5.   Volná kapacita 88 z 108     Po 17.5.   Volná kapacita 100 z 108     Út 18.5.   Volná kapacita 106 z 108     St 19.5.   Volná kapacita 103 z 108     Čt 20.5.   Volná kapacita 107 z 108     Pá 21.5.   Volná kapacita 108 z 108     So 22.5.   Volná kapacita 104 z 108
273,Ne 16.5.   Žádná data     Po 17.5.   Volná kapacita15 z 60     Út 18.5.   Zavřeno     St 19.5.   Volná kapacita29 z 60     Čt 20.5.   Žádná data     Pá 21.5.   Volná kapacita 34 z 60     So 22.5.   Zavřeno
274,Ne 16.5.   Zavřeno     Po 17.5.   Volná kapacita20 z 80     Út 18.5.   Zavřeno     St 19.5.   Žádná data     Čt 20.5.   Volná kapacita19 z 80     Pá 21.5.   Zavřeno     So 22.5.   Zavřeno
275,Ne 16.5.   Žádná data     Po 17.5.   Žádná data     Út 18.5.   Žádná data     St 19.5.   Žádná data     Čt 20.5.   Žádná data     Pá 21.5.   Žádná data     So 22.5.   Žádná data
276,Ne 16.5.   Žádná data     Po 17.5.   Žádná data     Út 18.5.   Žádná data     St 19.5.   Žádná data     Čt 20.5.   Žádná data     Pá 21.5.   Žádná data     So 22.5.   Žádná data
277,Ne 16.5.   Žádná data     Po 17.5.   Žádná data     Út 18.5.   Žádná data     St 19.5.   Žádná data     Čt 20.5.   Žádná data     Pá 21.5.   Žádná data     So 22.5.   Žádná data
278,Ne 16.5.   Zavřeno     Po 17.5.   Maximální kapacita     Út 18.5.   Volná kapacita 30 z 32     St 19.5.   Volná kapacita 30 z 30     Čt 20.5.   Volná kapacita 30 z 31     Pá 21.5.   Volná kapacita 29 z 31     So 22.5.   Zavřeno
279,Ne 16.5.   Maximální kapacita     Po 17.5.   Volná kapacita5 z 13     Út 18.5.   Volná kapacita 51 z 60     St 19.5.   Volná kapacita 55 z 60     Čt 20.5.   Volná kapacita 57 z 60     Pá 21.5.   Volná kapacita 57 z 61     So 22.5.   Maximální kapacita
280,Ne 16.5.   Zavřeno     Po 17.5.   Volná kapacita6 z 20     Út 18.5.   Volná kapacita 55 z 60     St 19.5.   Volná kapacita 29 z 30     Čt 20.5.   Volná kapacita 60 z 60     Pá 21.5.   Volná kapacita 59 z 64     So 22.5.   Zavřeno
281,Ne 16.5.   Zavřeno     Po 17.5.   Volná kapacita5 z 14     Út 18.5.   Volná kapacita 30 z 31     St 19.5.   Volná kapacita 3 z 5     Čt 20.5.   Volná kapacita 5 z 5     Pá 21.5.   Volná kapacita 4 z 5     So 22.5.   Zavřeno
282,Ne 16.5.   Zavřeno     Po 17.5.   Žádná data     Út 18.5.   Žádná data     St 19.5.   Žádná data     Čt 20.5.   Žádná data     Pá 21.5.   Žádná data     So 22.5.   Zavřeno
283,Ne 16.5.   Žádná data     Po 17.5.   Žádná data     Út 18.5.   Žádná data     St 19.5.   Žádná data     Čt 20.5.   Žádná data     Pá 21.5.   Žádná data     So 22.5.   Žádná data
284,Ne 16.5.   Žádná data     Po 17.5.   Žádná data     Út 18.5.   Žádná data     St 19.5.   Žádná data     Čt 20.5.   Žádná data     Pá 21.5.   Žádná data     So 22.5.   Žádná data
285,Ne 16.5.   Žádná data     Po 17.5.   Žádná data     Út 18.5.   Žádná data     St 19.5.   Žádná data     Čt 20.5.   Žádná data     Pá 21.5.   Žádná data     So 22.5.   Žádná data
286,Ne 16.5.   Žádná data     Po 17.5.   Žádná data     Út 18.5.   Žádná data     St 19.5.   Žádná data     Čt 20.5.   Žádná data     Pá 21.5.   Žádná data     So 22.5.   Žádná data
287,Ne 16.5.   Zavřeno     Po 17.5.   Žádná data     Út 18.5.   Žádná data     St 19.5.   Žádná data     Čt 20.5.   Žádná data     Pá 21.5.   Žádná data     So 22.5.   Zavřeno
288,Ne 16.5.   Zavřeno     Po 17.5.   Volná kapacita 135 z 153     Út 18.5.   Volná kapacita 149 z 153     St 19.5.   Volná kapacita 151 z 153     Čt 20.5.   Volná kapacita 153 z 153     Pá 21.5.   Volná kapacita 152 z 153     So 22.5.   Zavřeno
289,Ne 16.5.   Žádná data     Po 17.5.   Zavřeno     Út 18.5.   Žádná data     St 19.5.   Zavřeno     Čt 20.5.   Žádná data     Pá 21.5.   Zavřeno     So 22.5.   Zavřeno
290,Ne 16.5.   Zavřeno     Po 17.5.   Žádná data     Út 18.5.   Žádná data     St 19.5.   Žádná data     Čt 20.5.   Žádná data     Pá 21.5.   Žádná data     So 22.5.   Zavřeno
291,Ne 16.5.   Žádná data     Po 17.5.   Žádná data     Út 18.5.   Žádná data     St 19.5.   Žádná data     Čt 20.5.   Žádná data     Pá 21.5.   Žádná data     So 22.5.   Žádná data
292,Ne 16.5.   Zavřeno     Po 17.5.   Žádná data     Út 18.5.   Žádná data     St 19.5.   Žádná data     Čt 20.5.   Žádná data     Pá 21.5.   Žádná data     So 22.5.   Zavřeno
293,Ne 16.5.   Žádná data     Po 17.5.   Žádná data     Út 18.5.   Žádná data     St 19.5.   Žádná data     Čt 20.5.   Žádná data     Pá 21.5.   Žádná data     So 22.5.   Zavřeno
294,Ne 16.5.   Zavřeno     Po 17.5.   Žádná data     Út 18.5.   Žádná data     St 19.5.   Žádná data     Čt 20.5.   Žádná data     Pá 21.5.   Žádná data     So 22.5.   Žádná data
295,Ne 16.5.   Zavřeno     Po 17.5.   Žádná data     Út 18.5.   Žádná data     St 19.5.   Žádná data     Čt 20.5.   Žádná data     Pá 21.5.   Žádná data     So 22.5.   Žádná data
296,Ne 16.5.   Zavřeno     Po 17.5.   Žádná data     Út 18.5.   Žádná data     St 19.5.   Žádná data     Čt 20.5.   Žádná data     Pá 21.5.   Žádná data     So 22.5.   Žádná data
297,Ne 16.5.   Zavřeno     Po 17.5.   Volná kapacita 84 z 90     Út 18.5.   Volná kapacita 90 z 90     St 19.5.   Volná kapacita 89 z 90     Čt 20.5.   Volná kapacita 90 z 90     Pá 21.5.   Volná kapacita 89 z 90     So 22.5.   Zavřeno
298,Ne 16.5.   Zavřeno     Po 17.5.   Volná kapacita 145 z 170     Út 18.5.   Volná kapacita 169 z 170     St 19.5.   Volná kapacita 162 z 170     Čt 20.5.   Volná kapacita 167 z 170     Pá 21.5.   Volná kapacita 161 z 170     So 22.5.   Zavřeno
299,Ne 16.5.   Zavřeno     Po 17.5.   Volná kapacita 82 z 90     Út 18.5.   Volná kapacita 86 z 90     St 19.5.   Volná kapacita 89 z 90     Čt 20.5.   Volná kapacita 88 z 90     Pá 21.5.   Volná kapacita 84 z 90     So 22.5.   Zavřeno
300,Ne 16.5.   Volná kapacita 31 z 36     Po 17.5.   Volná kapacita 47 z 48     Út 18.5.   Volná kapacita 47 z 48     St 19.5.   Volná kapacita 46 z 48     Čt 20.5.   Volná kapacita 46 z 48     Pá 21.5.   Volná kapacita 48 z 48     So 22.5.   Volná kapacita 34 z 36
301,Ne 16.5.   Zavřeno     Po 17.5.   Žádná data     Út 18.5.   Žádná data     St 19.5.   Žádná data     Čt 20.5.   Žádná data     Pá 21.5.   Žádná data     So 22.5.   Zavřeno
302,Ne 16.5.   Žádná data     Po 17.5.   Žádná data     Út 18.5.   Žádná data     St 19.5.   Žádná data     Čt 20.5.   Žádná data     Pá 21.5.   Žádná data     So 22.5.   Žádná data
303,Ne 16.5.   Žádná data     Po 17.5.   Žádná data     Út 18.5.   Žádná data     St 19.5.   Žádná data     Čt 20.5.   Žádná data     Pá 21.5.   Žádná data     So 22.5.   Zavřeno
304,Ne 16.5.   Žádná data     Po 17.5.   Žádná data     Út 18.5.   Žádná data     St 19.5.   Žádná data     Čt 20.5.   Žádná data     Pá 21.5.   Žádná data     So 22.5.   Zavřeno
305,Ne 16.5.   Žádná data     Po 17.5.   Žádná data     Út 18.5.   Žádná data     St 19.5.   Žádná data     Čt 20.5.   Žádná data     Pá 21.5.   Žádná data     So 22.5.   Zavřeno
306,Ne 16.5.   Žádná data     Po 17.5.   Žádná data     Út 18.5.   Žádná data     St 19.5.   Žádná data     Čt 20.5.   Žádná data     Pá 21.5.   Žádná data     So 22.5.   Žádná data
307,Ne 16.5.   Žádná data     Po 17.5.   Žádná data     Út 18.5.   Žádná data     St 19.5.   Žádná data     Čt 20.5.   Žádná data     Pá 21.5.   Žádná data     So 22.5.   Žádná data
308,Ne 16.5.   Zavřeno     Po 17.5.   Volná kapacita33 z 280     Út 18.5.   Volná kapacita38 z 280     St 19.5.   Volná kapacita14 z 280     Čt 20.5.   Volná kapacita16 z 280     Pá 21.5.   Volná kapacita19 z 280     So 22.5.   Zavřeno
309,Ne 16.5.   Zavřeno     Po 17.5.   Volná kapacita 15 z 24     Út 18.5.   Volná kapacita 23 z 24     St 19.5.   Volná kapacita 20 z 24     Čt 20.5.   Volná kapacita 24 z 24     Pá 21.5.   Volná kapacita 21 z 24     So 22.5.   Zavřeno
310,Ne 16.5.   Volná kapacita10 z 40     Po 17.5.   Maximální kapacita     Út 18.5.   Volná kapacita 33 z 45     St 19.5.   Volná kapacita 24 z 40     Čt 20.5.   Volná kapacita 22 z 30     Pá 21.5.   Volná kapacita 25 z 30     So 22.5.   Volná kapacita 16 z 20
311,Ne 16.5.   Zavřeno     Po 17.5.   Maximální kapacita     Út 18.5.   Maximální kapacita     St 19.5.   Maximální kapacita     Čt 20.5.   Volná kapacita11 z 24     Pá 21.5.   Volná kapacita10 z 24     So 22.5.   Volná kapacita3 z 24
312,Ne 16.5.   Zavřeno     Po 17.5.   Maximální kapacita     Út 18.5.   Volná kapacita 9 z 12     St 19.5.   Volná kapacita1 z 12     Čt 20.5.   Volná kapacita 6 z 12     Pá 21.5.   Volná kapacita 8 z 9     So 22.5.   Zavřeno
313,Ne 16.5.   Maximální kapacita     Po 17.5.   Volná kapacita 8 z 15     Út 18.5.   Volná kapacita6 z 15     St 19.5.   Volná kapacita 13 z 15     Čt 20.5.   Volná kapacita 9 z 15     Pá 21.5.   Volná kapacita 15 z 15     So 22.5.   Zavřeno
314,Ne 16.5.   Zavřeno     Po 17.5.   Maximální kapacita     Út 18.5.   Volná kapacita3 z 21     St 19.5.   Maximální kapacita     Čt 20.5.   Volná kapacita 13 z 21     Pá 21.5.   Volná kapacita2 z 21     So 22.5.   Zavřeno
315,Ne 16.5.   Zavřeno     Po 17.5.   Volná kapacita 153 z 160     Út 18.5.   Volná kapacita 153 z 160     St 19.5.   Volná kapacita 160 z 160     Čt 20.5.   Volná kapacita 160 z 160     Pá 21.5.   Volná kapacita 158 z 160     So 22.5.   Volná kapacita 80 z 80
316,Ne 16.5.   Zavřeno     Po 17.5.   Žádná data     Út 18.5.   Žádná data     St 19.5.   Žádná data     Čt 20.5.   Žádná data     Pá 21.5.   Žádná data     So 22.5.   Zavřeno
317,Ne 16.5.   Žádná data     Po 17.5.   Žádná data     Út 18.5.   Žádná data     St 19.5.   Žádná data     Čt 20.5.   Žádná data     Pá 21.5.   Žádná data     So 22.5.   Žádná data
318,Ne 16.5.   Žádná data     Po 17.5.   Žádná data     Út 18.5.   Žádná data     St 19.5.   Žádná data     Čt 20.5.   Žádná data     Pá 21.5.   Žádná data     So 22.5.   Žádná data
319,Ne 16.5.   Zavřeno     Po 17.5.   Žádná data     Út 18.5.   Žádná data     St 19.5.   Žádná data     Čt 20.5.   Žádná data     Pá 21.5.   Žádná data     So 22.5.   Zavřeno
320,Ne 16.5.   Žádná data     Po 17.5.   Žádná data     Út 18.5.   Žádná data     St 19.5.   Žádná data     Čt 20.5.   Žádná data     Pá 21.5.   Žádná data     So 22.5.   Žádná data
321,Ne 16.5.   Zavřeno     Po 17.5.   Maximální kapacita     Út 18.5.   Volná kapacita 40 z 50     St 19.5.   Volná kapacita 25 z 25     Čt 20.5.   Zavřeno     Pá 21.5.   Volná kapacita 56 z 60     So 22.5.   Zavřeno
322,Ne 16.5.   Zavřeno     Po 17.5.   Žádná data     Út 18.5.   Žádná data     St 19.5.   Žádná data     Čt 20.5.   Žádná data     Pá 21.5.   Žádná data     So 22.5.   Zavřeno
323,Ne 16.5.   Žádná data     Po 17.5.   Žádná data     Út 18.5.   Žádná data     St 19.5.   Žádná data     Čt 20.5.   Žádná data     Pá 21.5.   Žádná data     So 22.5.   Žádná data
324,Ne 16.5.   Zavřeno     Po 17.5.   Maximální kapacita     Út 18.5.   Volná kapacita 36 z 40     St 19.5.   Volná kapacita 36 z 40     Čt 20.5.   Volná kapacita 34 z 40     Pá 21.5.   Volná kapacita 34 z 40     So 22.5.   Zavřeno
325,Ne 16.5.   Zavřeno     Po 17.5.   Volná kapacita41 z 88     Út 18.5.   Volná kapacita 41 z 52     St 19.5.   Volná kapacita 76 z 88     Čt 20.5.   Volná kapacita 52 z 52     Pá 21.5.   Volná kapacita 88 z 88     So 22.5.   Zavřeno
